City,Cost of Living,Rent,Cost of Living Plus Rent,Groceries,Restaurant Price,Local Purchasing Power,Latitude,Longitude,Continent,Country,Code
"Hamilton, Bermuda",145.43,110.87,128.76,143.47,158.75,112.26,32.2956076,-64.78270479999999,NA,Bermuda,60
"Zurich, Switzerland",141.25,66.14,105.03,149.86,135.76,142.7,47.3744489,8.5410422,EU,Switzerland,756
"Geneva, Switzerland",134.83,71.7,104.38,138.98,129.74,130.96,46.2017559,6.146601400000001,EU,Switzerland,756
"Basel, Switzerland",130.68,49.68,91.61,127.54,127.22,139.01,47.55810770000001,7.5878261,EU,Switzerland,756
"Bern, Switzerland",128.03,43.57,87.3,132.7,119.48,112.71,46.9482713,7.4514512,EU,Switzerland,756
"Lausanne, Switzerland",127.5,52.32,91.24,126.59,132.12,127.95,46.5218269,6.6327025,EU,Switzerland,756
"Reykjavik, Iceland",123.78,57.25,91.7,118.15,133.19,88.95,64.145981,-21.9422367,EU,Iceland,352
"Stavanger, Norway",118.61,39.83,80.61,106.09,143.54,118.14,59.1020129,5.712611357275701,EU,Norway,578
"Lugano, Switzerland",118.24,52.91,86.73,117.74,122.3,119.86,46.0050102,8.9520281,EU,Switzerland,756
"Oslo, Norway",117.23,49.28,84.46,112.42,124.09,102.94,59.913330099999996,10.7389701,EU,Norway,578
"Trondheim, Norway",114.22,42.39,79.58,103.5,134.76,108.29,63.4305658,10.3951929,EU,Norway,578
"Bergen, Norway",112.31,40.3,77.58,101.79,119.61,99.29,60.39430550000001,5.3259192,EU,Norway,578
"Kyoto, Japan",100.33,24.58,63.8,118.44,54.59,77.92,35.021041,135.7556075,AS,Japan,392
"New York, NY, United States",100.0,100.0,100.0,100.0,100.0,100.0,40.7127281,-74.0060152,NA,United States,840
"Nassau, Bahamas",99.73,40.45,71.14,85.34,104.17,58.69,25.078345600000002,-77.33833309999999,NA,Bahamas,44
"San Francisco, CA, United States",97.84,115.36,106.29,107.52,91.06,92.96,37.779026200000004,-122.4199061,NA,United States,840
"Copenhagen, Denmark",97.62,50.66,74.97,77.53,121.23,113.31,55.6867243,12.5700724,EU,Denmark,208
"Luxembourg, Luxembourg",95.37,61.59,79.08,82.71,109.61,127.42,49.6112768,6.129799,EU,Luxembourg,442
"Anchorage, AK, United States",94.99,40.12,68.53,101.18,84.55,124.92,61.2163129,-149.89485200000001,NA,United States,840
"Honolulu, HI, United States",94.15,62.82,79.04,104.69,82.86,103.08,21.304547,-157.8556764,NA,United States,840
"Tokyo, Japan",93.81,37.07,66.45,99.67,58.93,106.42,35.682838700000005,139.7594549,AS,Japan,392
"Brooklyn, NY, United States",93.79,76.24,85.33,92.73,100.58,87.04,40.6501038,-73.9495823,NA,United States,840
"Paris, France",92.87,50.3,72.34,87.29,91.77,97.62,48.856696899999996,2.3514616000000004,EU,France,250
"Limerick, Ireland",92.73,27.71,61.37,87.15,82.93,93.93,52.661252000000005,-8.630123900000001,EU,Ireland,372
"Rockville, MD, United States",92.66,64.0,78.84,87.76,74.74,130.79,39.0840054,-77.15275729999999,NA,United States,840
"Bloomington, IN, United States",92.14,33.64,63.93,112.83,75.43,96.92,43.878887,-85.80150400000001,NA,United States,840
"Washington, DC, United States",91.94,73.3,82.95,92.74,85.0,120.62,38.8949924,-77.0365581,NA,United States,840
"Arhus, Denmark",91.9,34.82,64.37,71.5,102.82,109.47,56.14962779999999,10.2134046,EU,Denmark,208
"Singapore, Singapore",91.4,71.89,81.99,83.64,64.4,95.89,1.2904753,103.8520359,AS,Singapore,702
"Aalborg, Denmark",91.17,26.81,60.13,73.79,101.14,106.35,57.046262600000006,9.9215263,EU,Denmark,208
"Stockholm, Sweden",90.85,45.27,68.87,84.06,93.71,108.2,59.3251172,18.0710935,EU,Sweden,752
"Sydney, Australia",90.77,68.43,80.0,85.02,77.09,118.81,-33.8548157,151.2164539,OC,Australia,36
"Montpellier, France",90.63,24.95,58.95,86.93,75.13,74.25,43.6112422,3.8767337,EU,France,250
"Tel Aviv-Yafo, Israel",90.36,51.55,71.65,76.9,97.21,101.36,32.0852997,34.7818064,AS,Israel,376
"Santa Rosa, CA, United States",90.23,58.13,74.75,92.05,78.34,106.77,38.4404925,-122.71410490000001,NA,United States,840
"Dublin, Ireland",89.92,62.13,76.52,73.62,95.64,88.11,53.3497645,-6.2602732,EU,Ireland,372
"Jerusalem, Israel",89.62,38.43,64.93,74.2,96.35,84.17,31.79592425,35.21198075969497,AS,Israel,376
"Linz, Austria",89.33,29.43,60.44,84.03,88.05,95.13,48.3059078,14.286198,EU,Austria,40
"Arlington, VA, United States",89.2,61.85,76.01,88.51,82.63,120.53,32.701939,-97.105623790337,NA,United States,840
"Amsterdam, Netherlands",89.14,58.22,74.23,70.13,95.2,101.7,52.3727598,4.8936041,EU,Netherlands,528
"Bellevue, WA, United States",88.85,66.67,78.15,88.43,80.99,73.46,47.614421899999996,-122.1923372,NA,United States,840
"London, United Kingdom",88.69,76.67,82.89,67.36,96.36,92.61,51.5073219,-0.1276474,EU,United Kingdom,826
"Antwerp, Belgium",88.2,28.06,59.19,79.12,101.67,90.18,51.2211097,4.3997081,EU,Belgium,56
"Hamilton, New Zealand",88.09,26.98,58.62,81.69,84.97,128.21,-37.7878809,175.28178799999998,OC,New Zealand,554
"Seattle, WA, United States",88.04,64.41,76.64,89.85,83.22,144.6,47.6038321,-122.3300624,NA,United States,840
"Berkeley, CA, United States",87.82,78.69,83.42,97.88,78.29,115.84,37.8708393,-122.27286389999999,NA,United States,840
"Helsinki, Finland",87.77,40.52,64.98,73.82,96.5,113.87,60.16748810000001,24.9427473,EU,Finland,246
"Grenoble, France",87.73,25.07,57.51,88.71,79.04,115.7,45.1875602,5.7357819,EU,France,250
"Seoul, South Korea",87.56,37.17,63.26,107.06,50.88,107.52,37.5666791,126.97829140000002,AS,South Korea,410
"Tampere, Finland",87.2,28.89,59.08,73.89,96.76,111.28,61.498021400000006,23.7603118,EU,Finland,246
"Boston, MA, United States",87.05,78.72,83.03,88.99,86.2,101.35,42.3602534,-71.0582912,NA,United States,840
"Auckland, New Zealand",86.93,46.95,67.65,79.21,72.26,99.37,-36.852095,174.76318030000002,OC,New Zealand,554
"Florence, Italy",86.9,31.81,60.34,76.28,87.67,66.09,43.769871200000004,11.2555757,EU,Italy,380
"Nice, France",86.69,31.64,60.14,78.82,98.75,107.04,43.700935799999996,7.2683912,EU,France,250
"Milton Keynes, United Kingdom",86.28,37.34,62.68,85.31,81.71,90.17,52.042979700000004,-0.7589607,EU,United Kingdom,826
"Perth, Australia",86.24,40.5,64.18,80.79,90.63,130.38,-31.952712100000003,115.86047959999999,OC,Australia,36
"Charleston, SC, United States",86.19,45.99,66.8,98.41,71.87,115.41,32.7876012,-79.9402728,NA,United States,840
"Adelaide, Australia",86.02,36.56,62.17,82.05,81.67,113.86,-34.928180499999996,138.5999312,OC,Australia,36
"Miami, FL, United States",86.01,63.2,75.01,87.37,95.81,97.81,25.7741728,-80.19362,NA,United States,840
"Bath, United Kingdom",85.79,37.62,62.56,78.47,83.51,117.98,51.3813864,-2.3596963,EU,United Kingdom,826
"Reading, United Kingdom",85.56,40.91,64.03,71.32,95.36,130.18,51.456659,-0.9696511999999999,EU,United Kingdom,826
"Leuven, Belgium",85.31,29.48,58.38,79.81,86.88,92.44,50.879202,4.7011675,EU,Belgium,56
"Gent, Belgium",85.16,26.92,57.07,72.2,94.01,96.27,51.0538286,3.7250121,EU,Belgium,56
"Melbourne, Australia",85.15,44.81,65.7,82.11,77.29,127.15,-37.814217600000006,144.9631608,OC,Australia,36
"Oakland, CA, United States",85.11,79.57,82.44,88.65,81.38,97.94,37.804455700000005,-122.27135630000001,NA,United States,840
"Milan, Italy",85.1,43.65,65.11,75.56,92.27,71.94,45.4668,9.1905,EU,Italy,380
"Genoa, Italy",85.04,21.49,54.39,74.03,83.87,71.66,44.40726,8.9338624,EU,Italy,380
"Darwin, Australia",84.98,46.52,66.43,82.29,91.79,118.09,-12.46044,130.8410469,OC,Australia,36
"Cairns, Australia",84.98,30.59,58.75,84.5,74.96,118.05,-16.9206657,145.7721854,OC,Australia,36
"The Hague (Den Haag), Netherlands",84.97,35.55,61.14,70.25,89.11,106.25,52.07494555,4.269680220536452,EU,Netherlands,528
"Munich, Germany",84.78,46.46,66.3,72.97,82.46,118.19,48.1371079,11.575382199999998,EU,Germany,276
"Lyon, France",84.47,28.04,57.26,77.74,79.13,101.17,45.75781370000001,4.8320114,EU,France,250
"Gothenburg, Sweden",84.38,30.46,58.38,77.45,91.06,112.1,57.7072326,11.9670171,EU,Sweden,752
"New Haven, CT, United States",84.13,47.53,66.48,92.86,86.18,127.41,41.29843435,-72.93102342707913,NA,United States,840
"Irvine, CA, United States",83.73,66.26,75.3,89.49,76.5,139.48,33.685696899999996,-117.82598190000002,NA,United States,840
"Brussels, Belgium",83.65,35.76,60.55,72.55,96.1,104.35,50.8465573,4.351697,EU,Belgium,56
"Philadelphia, PA, United States",83.46,48.09,66.4,82.24,79.37,116.06,39.9527237,-75.16352619999999,NA,United States,840
"Utrecht, Netherlands",83.34,40.23,62.55,68.39,97.89,105.9,52.094975299999994,5.109708,EU,Netherlands,528
"Aberdeen, United Kingdom",83.18,32.13,58.56,67.23,99.29,115.94,57.1482429,-2.0928095,EU,United Kingdom,826
"Cambridge, United Kingdom",82.96,47.33,65.78,67.22,95.67,105.39,52.19758465,0.13915373736874398,EU,United Kingdom,826
"Cork, Ireland",82.89,39.97,62.19,67.32,91.87,105.57,51.898627000000005,-8.470594199999999,EU,Ireland,372
"Hobart, Australia",82.88,31.46,58.08,81.1,88.26,99.4,-42.8825088,147.3281233,OC,Australia,36
"San Jose, CA, United States",82.87,81.81,82.36,85.4,83.12,134.82,37.3361905,-121.890583,NA,United States,840
"Toulouse, France",82.85,24.97,54.94,77.86,82.38,113.77,43.6044622,1.4442469,EU,France,250
"Ramat Gan, Israel",82.84,36.93,60.7,67.32,89.36,112.25,32.06868669999999,34.8246812,AS,Israel,376
"Rotterdam, Netherlands",82.64,35.28,59.8,63.02,94.81,102.03,51.9228934,4.463178599999999,EU,Netherlands,528
"Tacoma, WA, United States",82.54,36.82,60.49,88.02,72.46,125.1,47.24957979999999,-122.43987460000001,NA,United States,840
"Dusseldorf, Germany",82.48,36.34,60.23,65.69,74.97,114.5,51.2254018,6.7763137,EU,Germany,276
"Los Angeles, CA, United States",82.3,68.75,75.77,82.73,82.48,109.01,34.0536909,-118.24276599999999,NA,United States,840
"Boulder, CO, United States",82.19,53.8,68.5,86.22,74.92,143.02,40.0149856,-105.2705456,NA,United States,840
"St. John's, NL, Canada",82.18,22.48,53.39,86.39,79.73,98.06,47.561701,-52.715149,NA,Canada,124
"Turku, Finland",82.18,25.55,54.87,69.79,88.89,125.14,60.4517531,22.2670522,EU,Finland,246
"Brisbane, Australia",82.17,43.31,63.43,75.42,81.39,130.41,-27.468968199999996,153.02349909999998,OC,Australia,36
"Halifax, Canada",82.03,29.33,56.61,88.57,75.91,95.7,44.648618,-63.58594870000001,NA,Canada,124
"Thunder Bay, Canada",81.98,26.2,55.08,77.76,74.63,84.87,48.406414,-89.259796,NA,Canada,124
"Haifa, Israel",81.81,20.68,52.33,66.6,91.38,120.61,32.8191218,34.998385600000006,AS,Israel,376
"Padova, Italy",81.77,23.89,53.85,67.49,78.91,77.42,45.4077172,11.8734455,EU,Italy,380
"Frankfurt, Germany",81.65,37.59,60.4,66.85,81.18,142.76,50.1106444,8.682091699999999,EU,Germany,276
"Portland, ME, United States",81.6,40.73,61.89,86.96,88.58,113.69,43.6610277,-70.25485959999999,NA,United States,840
"Minneapolis, MN, United States",81.46,45.65,64.19,87.48,75.88,131.08,44.9772995,-93.2654692,NA,United States,840
"Norfolk, VA, United States",81.36,43.59,63.14,90.06,81.31,64.42,36.846292299999995,-76.2929252,NA,United States,840
"Saskatoon, Canada",81.02,29.7,56.27,82.39,72.78,99.63,52.131802,-106.66076699999999,NA,Canada,124
"Canberra, Australia",80.9,45.03,63.6,77.06,79.23,139.38,-35.2975906,149.1012676,OC,Australia,36
"Wellington, New Zealand",80.87,40.42,61.36,77.17,72.02,118.59,-41.2887953,174.7772114,OC,New Zealand,554
"Hartford, CT, United States",80.86,42.15,62.19,78.41,86.26,101.57,41.76555820000001,-72.69061276146614,NA,United States,840
"Queens, NY, United States",80.77,64.73,73.04,74.39,87.27,113.4,40.74982429999999,-73.7976337,NA,United States,840
"Hamburg, Germany",80.75,33.61,58.02,64.85,77.19,116.06,53.550341,10.000653999999999,EU,Germany,276
"Parma, Italy",80.69,25.04,53.85,71.96,87.4,84.79,44.801367799999994,10.328083300000001,EU,Italy,380
"Maastricht, Netherlands",80.69,33.35,57.86,70.13,81.68,105.35,50.85798545,5.6969881818221095,EU,Netherlands,528
"Graz, Austria",80.59,24.94,53.75,78.18,65.21,106.41,47.070867799999995,15.438278599999999,EU,Austria,40
"Christchurch, New Zealand",80.51,30.13,56.21,75.7,78.95,90.4,-43.530955,172.63664550000001,OC,New Zealand,554
"Galway, Ireland",80.22,34.58,58.21,70.9,81.75,100.11,53.2744122,-9.049063199999999,EU,Ireland,372
"Albany, NY, United States",80.19,30.82,56.38,83.35,71.86,139.34,42.6511674,-73.754968,NA,United States,840
"Chicago, IL, United States",80.16,56.71,68.85,79.14,77.99,119.17,41.875561600000005,-87.6244212,NA,United States,840
"Portsmouth, United Kingdom",80.05,32.23,56.99,62.19,89.21,94.57,50.8036831,-1.0756139999999998,EU,United Kingdom,826
"Jersey City, NJ, United States",79.91,66.0,73.2,79.5,85.95,130.99,40.7281575,-74.0776417,NA,United States,840
"Malmo, Sweden",79.79,28.57,55.09,73.61,87.62,120.92,55.6052931,13.000156599999999,EU,Sweden,752
"Uppsala, Sweden",79.7,28.42,54.97,70.45,87.61,119.75,59.85861260000001,17.6387436,EU,Sweden,752
"Lund, Sweden",79.39,27.07,54.16,75.3,80.06,122.8,55.7029296,13.192944899999999,EU,Sweden,752
"Oxford, United Kingdom",79.37,53.29,66.79,62.18,81.92,86.68,51.7520131,-1.2578499,EU,United Kingdom,826
"Olympia, WA, United States",79.25,36.06,58.42,77.18,78.7,125.04,47.0451022,-122.89500749999999,NA,United States,840
"Edinburgh, United Kingdom",79.2,34.6,57.69,69.3,89.29,104.25,55.9533456,-3.1883749,EU,United Kingdom,826
"Barrie, Canada",79.18,28.03,54.51,79.85,76.95,127.57,44.389311299999996,-79.6901736,NA,Canada,124
"Santa Barbara, CA, United States",79.17,71.45,75.45,76.47,87.43,134.38,34.4221319,-119.7026673,NA,United States,840
"Bologna, Italy",79.04,26.08,53.5,70.14,85.23,76.44,44.4937577,11.343030800000001,EU,Italy,380
"Eugene, OR, United States",78.94,31.38,56.0,91.86,69.07,109.06,44.0505054,-123.09505060000001,NA,United States,840
"Sliema, Malta",78.94,36.17,58.32,69.3,89.2,74.89,35.9127609,14.502070800000002,EU,Malta,470
"Burlington, VT, United States",78.89,41.89,61.05,82.04,79.41,101.19,44.4761601,-73.212906,NA,United States,840
"Rome, Italy",78.8,40.24,60.2,68.34,85.32,72.78,41.8933203,12.4829321,EU,Italy,380
"Sacramento, CA, United States",78.75,43.34,61.67,80.02,74.2,135.14,38.5810606,-121.49389509999999,NA,United States,840
"Eindhoven, Netherlands",78.72,35.2,57.73,63.05,88.51,119.87,51.4392648,5.478633,EU,Netherlands,528
"Hong Kong, Hong Kong",78.72,79.54,79.12,83.47,56.17,82.86,22.2793278,114.16281310000001,AS,Hong Kong,344
"Pittsburgh, PA, United States",78.66,39.02,59.54,76.56,70.89,133.38,40.4416941,-79.99008609999998,NA,United States,840
"Vienna, Austria",78.64,35.04,57.61,73.8,73.39,98.88,48.2083537,16.372504199999998,EU,Austria,40
"Osaka, Japan",78.5,23.88,52.16,79.2,45.06,109.62,34.619881299999996,135.49035700000002,AS,Japan,392
"Portland, OR, United States",78.45,51.72,65.56,79.56,68.4,125.57,45.5202471,-122.6741949,NA,United States,840
"Saint Paul, MN, United States",78.37,40.38,60.05,81.15,74.68,97.64,44.9504037,-93.10150259999999,NA,United States,840
"Lille, France",78.34,24.7,52.47,65.77,74.43,89.56,50.636565399999995,3.0635282000000004,EU,France,250
"Long Beach, CA, United States",78.23,54.98,67.01,82.77,76.98,127.25,33.7690164,-118.191604,NA,United States,840
"York, United Kingdom",77.98,29.69,54.69,68.51,85.11,110.55,53.959055500000005,-1.0815361000000001,EU,United Kingdom,826
"Trieste, Italy",77.97,21.54,50.76,72.67,80.97,90.05,45.6504806,13.7931263,EU,Italy,380
"Brampton, Canada",77.9,29.01,54.32,83.61,64.25,103.74,43.6858146,-79.7599337,NA,Canada,124
"Bristol, United Kingdom",77.83,40.01,59.59,63.13,92.62,108.18,51.453802200000005,-2.5972985,EU,United Kingdom,826
"Bergamo, Italy",77.71,22.05,50.87,64.43,91.76,89.37,45.7566557,9.754219200862249,EU,Italy,380
"Fort Lauderdale, FL, United States",77.67,51.63,65.11,79.05,77.85,104.35,26.122308399999998,-80.14337859999999,NA,United States,840
"Everett, WA, United States",77.63,42.48,60.68,84.84,70.29,113.75,47.9673056,-122.20139979999999,NA,United States,840
"Asheville, NC, United States",77.36,37.85,58.31,84.94,72.18,111.73,35.600949799999995,-82.5540161,NA,United States,840
"Denver, CO, United States",77.31,54.0,66.07,77.48,79.43,130.1,39.7392364,-104.98486229999999,NA,United States,840
"Heidelberg, Germany",77.3,37.21,57.96,61.01,75.28,133.23,49.40935820000001,8.694724,EU,Germany,276
"Manchester, United Kingdom",77.15,30.87,54.83,63.07,85.92,98.91,53.479489199999996,-2.2451147999999996,EU,United Kingdom,826
"Bellingham, WA, United States",77.13,34.7,56.67,79.09,77.88,131.14,48.754401200000004,-122.47883610000001,NA,United States,840
"Newcastle, Australia",77.12,43.45,60.88,76.5,84.01,134.62,-32.919295299999995,151.77953480000002,OC,Australia,36
"Melbourne, FL, United States",77.09,29.38,54.08,85.53,77.04,128.34,28.106471000000003,-80.63715129999999,NA,United States,840
"San Diego, CA, United States",77.01,61.91,69.73,75.09,82.09,142.72,32.7174202,-117.16277279999998,NA,United States,840
"Mannheim, Germany",76.97,27.25,52.99,61.07,73.5,156.77,49.48929129999999,8.4673098,EU,Germany,276
"Groningen, Netherlands",76.64,30.91,54.59,66.99,87.82,105.46,53.2190652,6.568007700000001,EU,Netherlands,528
"New Orleans, LA, United States",76.64,40.21,59.07,75.15,84.0,116.56,29.949932300000004,-90.0701156,NA,United States,840
"Orlando, FL, United States",76.63,37.35,57.68,82.77,69.38,129.02,28.5421109,-81.3790304,NA,United States,840
"Baltimore, MD, United States",76.57,45.03,61.36,73.92,80.16,116.79,39.2908816,-76.610759,NA,United States,840
"Tampa, FL, United States",76.53,42.09,59.92,80.64,80.21,144.43,27.947759499999997,-82.458444,NA,United States,840
"West Palm Beach, FL, United States",76.52,43.11,60.41,79.59,78.92,124.36,26.715364,-80.05329420000001,NA,United States,840
"Calgary, Canada",76.44,31.37,54.7,72.97,75.23,146.39,51.0534234,-114.0625892,NA,Canada,124
"Brighton, United Kingdom",76.4,44.89,61.21,58.61,86.71,83.51,50.8214626,-0.14005610000000002,EU,United Kingdom,826
"Red Deer, Canada",76.15,25.51,51.73,69.85,74.21,136.55,52.2697395,-113.81817659999999,NA,Canada,124
"Edmonton, Canada",76.01,31.61,54.6,74.26,73.66,131.93,53.535410999999996,-113.50799599999999,NA,Canada,124
"Nottingham, United Kingdom",75.98,24.8,51.3,65.92,75.29,107.61,52.9534193,-1.1496461,EU,United Kingdom,826
"Karlsruhe, Germany",75.8,23.89,50.76,57.26,80.6,136.82,49.006870500000005,8.4034195,EU,Germany,276
"Coventry, United Kingdom",75.72,26.45,51.96,64.04,71.27,133.86,52.4081812,-1.510477,EU,United Kingdom,826
"Vancouver, Canada",75.59,53.5,64.94,78.26,70.12,96.77,49.2608724,-123.11395290000002,NA,Canada,124
"Victoria, Canada",75.47,40.0,58.36,79.13,70.56,112.52,48.4283182,-123.36495330000001,NA,Canada,124
"Colorado Springs, CO, United States",75.42,31.21,54.1,72.93,76.48,150.89,38.8339578,-104.8253485,NA,United States,840
"Norwich, United Kingdom",75.4,25.34,51.26,58.53,81.1,89.95,52.628606000000005,1.29227,EU,United Kingdom,826
"Charlotte, NC, United States",75.35,40.62,58.6,79.4,73.87,112.72,35.227208600000004,-80.84308270000001,NA,United States,840
"Plano, TX, United States",75.32,40.02,58.3,73.93,63.49,101.69,33.013676399999994,-96.6925096,NA,United States,840
"Toronto, Canada",75.22,46.94,61.58,70.65,71.58,106.83,43.6534817,-79.38393470000001,NA,Canada,124
"Atlanta, GA, United States",74.97,45.83,60.92,75.0,74.81,153.77,33.7489924,-84.3902644,NA,United States,840
"Turin, Italy",74.94,23.25,50.01,61.62,76.26,85.62,45.06775510000001,7.682489200000001,EU,Italy,380
"Leeds, United Kingdom",74.92,30.31,53.41,61.69,91.99,109.59,53.797418500000006,-1.5437941000000002,EU,United Kingdom,826
"Fayetteville, AR, United States",74.9,24.85,50.76,81.39,69.15,104.92,36.0625843,-94.1574328,NA,United States,840
"Gold Coast, Australia",74.89,38.76,57.46,74.88,72.35,124.98,-28.002373100000003,153.4145987,OC,Australia,36
"Kelowna, Canada",74.78,34.84,55.52,77.54,68.9,109.75,49.8879177,-119.49590249999999,NA,Canada,124
"Indianapolis, IN, United States",74.72,35.67,55.89,73.92,74.26,94.22,43.881229,-85.7924363,NA,United States,840
"Birmingham, AL, United States",74.64,31.36,53.77,76.12,74.13,134.55,33.5206824,-86.80243259999999,NA,United States,840
"Stuttgart, Germany",74.53,34.86,55.4,55.57,72.07,134.02,48.778448499999996,9.1800132,EU,Germany,276
"Berlin, Germany",74.32,33.54,54.65,60.74,65.57,114.09,52.517036499999996,13.388859900000002,EU,Germany,276
"Burlington, Canada",74.32,34.2,54.97,68.68,82.63,137.47,43.3248924,-79.7966835,NA,Canada,124
"Sheffield, United Kingdom",74.31,25.05,50.55,56.87,84.47,110.96,53.38066260000001,-1.4702278,EU,United Kingdom,826
"Glasgow, United Kingdom",74.3,28.12,52.03,61.85,79.52,124.11,55.8609825,-4.248878700000001,EU,United Kingdom,826
"Augusta, GA, United States",74.29,22.45,49.29,82.42,62.66,100.38,33.470971399999996,-81.9748429,NA,United States,840
"Greensboro, NC, United States",74.1,26.05,50.93,80.28,62.04,141.87,36.0726355,-79.79197540000001,NA,United States,840
"Greenville, SC, United States",74.08,36.03,55.73,83.74,67.18,127.49,34.851354,-82.3984882,NA,United States,840
"Palma De Mallorca, Spain",74.08,24.4,50.12,62.9,71.61,80.26,39.569581799999995,2.6500745,EU,Spain,724
"Cologne, Germany",74.02,29.75,52.67,55.97,73.95,131.06,50.938361,6.959974000000001,EU,Germany,276
"Bonn, Germany",73.61,29.24,52.21,55.0,70.68,118.12,50.735851000000004,7.10066,EU,Germany,276
"Jacksonville, FL, United States",73.58,32.27,53.66,77.14,73.25,117.13,30.3321838,-81.655651,NA,United States,840
"Fort Collins, CO, United States",73.57,42.07,58.38,81.45,61.31,73.23,40.5508527,-105.0668085,NA,United States,840
"Cleveland, OH, United States",73.47,28.35,51.71,67.52,74.7,146.27,41.5051613,-81.6934446,NA,United States,840
"Bremen, Germany",73.41,22.22,48.72,59.15,70.25,131.14,53.0758196,8.8071646,EU,Germany,276
"Milwaukee, WI, United States",73.37,35.5,55.11,71.9,71.59,139.23,43.0349931,-87.92249699999999,NA,United States,840
"Bilbao, Spain",73.3,30.28,52.55,65.27,75.33,92.96,43.2630018,-2.9350039,EU,Spain,724
"Saint Petersburg, FL, United States",73.29,41.01,57.72,72.82,75.33,145.31,27.770379600000002,-82.66950849999999,NA,United States,840
"Exeter, United Kingdom",73.17,31.86,53.24,58.28,82.78,86.66,50.725562,-3.5269108,EU,United Kingdom,826
"Memphis, TN, United States",72.95,27.52,51.04,73.96,70.71,154.91,35.1490215,-90.0516285,NA,United States,840
"Guelph, Canada",72.93,28.86,51.68,68.86,80.08,114.41,43.5460516,-80.2493276,NA,Canada,124
"Syracuse, NY, United States",72.88,30.77,52.57,72.26,67.76,103.63,43.0481221,-76.1474244,NA,United States,840
"Waterloo, Canada",72.86,29.64,52.01,70.36,70.2,120.38,43.465269899999996,-80.52229609999999,NA,Canada,124
"Regina, Canada",72.85,28.93,51.67,73.25,66.3,109.12,50.44876,-104.61731,NA,Canada,124
"Newark, NJ, United States",72.68,40.31,57.07,66.47,77.87,94.1,40.735657,-74.1723667,NA,United States,840
"Akron, OH, United States",72.65,21.57,48.02,77.33,63.79,99.21,41.083064,-81.518485,NA,United States,840
"Dubai, United Arab Emirates",72.58,66.88,69.83,61.71,67.23,123.71,25.0750095,55.18876088183319,AS,United Arab Emirates,784
"Nuremberg, Germany",72.57,25.08,49.67,55.83,71.58,127.52,49.453872,11.077297999999999,EU,Germany,276
"Mississauga, Canada",72.54,36.65,55.23,68.46,67.15,106.67,43.589623100000004,-79.64438790000001,NA,Canada,124
"Austin, TX, United States",72.46,49.8,61.53,73.02,75.56,140.39,30.2711286,-97.7436995,NA,United States,840
"Leipzig, Germany",72.4,20.19,47.22,54.51,64.82,91.69,51.3406321,12.3747329,EU,Germany,276
"Taipei, Taiwan",72.39,21.61,47.9,87.57,34.77,104.9,25.037519800000002,121.56367959999999,AS,Taiwan,158
"Fresno, CA, United States",72.36,30.94,52.38,72.51,75.89,110.71,36.739442100000005,-119.7848307,NA,United States,840
"Buffalo, NY, United States",72.15,28.94,51.31,69.14,72.72,120.23,42.8867166,-78.87839220000001,NA,United States,840
"Shreveport, LA, United States",72.07,25.24,49.48,78.42,64.04,76.03,32.522182799999996,-93.7651944,NA,United States,840
"Windsor, Canada",72.0,21.38,47.59,63.4,67.16,118.85,42.317099,-83.0353434,NA,Canada,124
"Nanaimo, BC, Canada",71.9,25.11,49.33,78.03,63.87,99.07,49.163877,-123.93812199999999,NA,Canada,124
"Nashville, TN, United States",71.88,47.73,60.23,74.28,69.38,125.4,36.1622296,-86.7743531,NA,United States,840
"Aachen, Germany",71.81,24.48,48.99,57.78,64.67,128.79,50.776351,6.083862,EU,Germany,276
"Moncton, Canada",71.79,18.63,46.15,70.92,66.98,88.06,46.097995000000004,-64.80011,NA,Canada,124
"Birmingham, United Kingdom",71.6,29.57,51.33,57.06,79.83,106.25,52.479699200000006,-1.9026911,EU,United Kingdom,826
"Cardiff, United Kingdom",71.52,28.32,50.69,65.68,72.66,109.78,51.481654600000006,-3.1791934,EU,United Kingdom,826
"Southampton, United Kingdom",71.48,33.09,52.97,58.97,76.0,116.26,50.9025349,-1.404189,EU,United Kingdom,826
"Manchester, NH, United States",71.46,33.61,53.2,76.26,72.86,124.75,42.995639700000005,-71.4547891,NA,United States,840
"Raleigh, NC, United States",71.4,37.42,55.02,78.32,70.58,131.99,35.7803977,-78.63909890000001,NA,United States,840
"Little Rock, AR, United States",71.29,24.83,48.89,77.24,64.98,132.31,34.7464809,-92.2895948,NA,United States,840
"Dresden, Germany",71.22,22.95,47.94,56.07,59.77,105.93,51.0493286,13.7381437,EU,Germany,276
"Winnipeg, Canada",71.22,24.91,48.89,69.49,67.33,114.61,49.8955367,-97.1384584,NA,Canada,124
"Quebec City, Canada",71.21,17.97,45.53,71.69,65.29,118.31,46.8259601,-71.23522259999999,NA,Canada,124
"Naples, Italy",71.14,19.85,46.41,66.45,63.1,59.99,40.835933600000004,14.2487826,EU,Italy,380
"Richmond, VA, United States",70.98,36.18,54.2,77.66,65.74,133.08,37.53850870000001,-77.43428,NA,United States,840
"Las Vegas, NV, United States",70.97,29.98,51.2,66.54,74.53,148.81,36.1672559,-115.1485163,NA,United States,840
"Saint Louis, MO, United States",70.76,30.11,51.15,71.33,68.14,144.7,38.6529545,-90.24111656024635,NA,United States,840
"Grand Rapids, MI, United States",70.58,32.95,52.43,69.69,70.77,143.87,47.237165999999995,-93.530214,NA,United States,840
"Rochester, NY, United States",70.52,30.31,51.13,72.96,74.66,158.71,43.157284999999995,-77.615214,NA,United States,840
"Houston, TX, United States",70.37,44.1,57.7,71.01,71.15,145.38,29.7589382,-95.36769740000001,NA,United States,840
"Detroit, MI, United States",70.2,35.48,53.45,67.02,59.3,131.62,42.331550899999996,-83.04664029999999,NA,United States,840
"Darmstadt, Germany",70.17,30.69,51.13,53.91,66.6,145.86,49.872775,8.651177,EU,Germany,276
"Ann Arbor, MI, United States",70.01,45.26,58.07,69.31,62.97,163.57,42.268156899999994,-83.7312291,NA,United States,840
"Ottawa, Canada",69.91,31.76,51.51,64.16,71.95,145.32,45.421106,-75.690308,NA,Canada,124
"Harrisburg, PA, United States",69.91,27.78,49.59,72.58,66.41,140.56,40.266310700000005,-76.8861122,NA,United States,840
"Newcastle Upon Tyne, United Kingdom",69.91,25.69,48.58,54.05,78.46,127.4,54.97384739999999,-1.6131572,EU,United Kingdom,826
"Salem, OR, United States",69.81,32.0,51.58,70.61,68.39,106.58,44.9391565,-123.033121,NA,United States,840
"Dayton, OH, United States",69.76,21.96,46.71,73.53,62.38,114.2,39.758947799999994,-84.1916069,NA,United States,840
"Barcelona, Spain",69.75,33.71,52.37,59.29,65.07,77.27,41.3828939,2.1774322,EU,Spain,724
"Columbia, SC, United States",69.7,29.48,50.3,75.37,65.65,92.47,34.000749299999995,-81.03433129999999,NA,United States,840
"Marseille, France",69.66,23.92,47.6,61.91,69.58,104.22,43.2961743,5.3699525,EU,France,250
"Liverpool, United Kingdom",69.53,24.96,48.04,52.24,78.55,116.18,53.407154000000006,-2.9916650000000002,EU,United Kingdom,826
"Hanover, Germany",69.47,22.04,46.59,58.88,64.04,160.86,52.374477899999995,9.738553199999998,EU,Germany,276
"Fort Wayne, IN, United States",69.42,21.43,46.28,74.49,69.24,129.87,42.2977994,-83.09864240939409,NA,United States,840
"London, Canada",69.39,24.58,47.78,65.97,66.17,105.79,42.9836747,-81.2496068,NA,Canada,124
"Des Moines, IA, United States",69.37,31.23,50.97,73.45,63.64,125.85,41.591032299999995,-93.6046655,NA,United States,840
"Virginia Beach, VA, United States",69.33,37.42,53.94,68.92,71.08,151.73,36.8529841,-75.9774183,NA,United States,840
"Spokane, WA, United States",69.26,26.97,48.86,70.06,64.46,135.55,47.657193400000004,-117.42351059999999,NA,United States,840
"Bakersfield, CA, United States",69.2,29.09,49.86,71.91,64.38,120.54,35.3738712,-119.01946389999999,NA,United States,840
"Montreal, Canada",69.18,26.68,48.69,68.65,67.17,120.29,45.4972159,-73.61036419999999,NA,Canada,124
"Gatineau, Canada",69.17,19.72,45.32,69.98,64.66,142.51,45.4841214,-75.6813728,NA,Canada,124
"Columbus, OH, United States",69.13,35.51,52.92,66.96,62.16,125.47,39.9622601,-83.00070649999999,NA,United States,840
"Cincinnati, OH, United States",69.13,31.11,50.79,61.6,70.4,136.92,39.1014537,-84.5124602,NA,United States,840
"Kansas City, MO, United States",69.05,29.33,49.89,68.17,63.04,135.76,39.100105,-94.5781416,NA,United States,840
"Belfast, United Kingdom",68.77,23.7,47.04,61.07,79.19,103.27,54.5964411,-5.9302760999999995,EU,United Kingdom,826
"San Juan, Puerto Rico",68.77,26.09,48.18,66.18,57.67,116.19,18.465298999999998,-66.11666600000001,NA,Puerto Rico,630
"Derby, United Kingdom",68.68,21.48,45.92,58.52,71.55,110.83,52.92126170000001,-1.4761491000000002,EU,United Kingdom,826
"Lincoln, NE, United States",68.61,28.38,49.21,71.56,62.02,124.13,40.8088861,-96.70777509999999,NA,United States,840
"Malta, Malta",68.44,26.6,48.26,54.11,69.0,72.13,35.9446731,14.383630615858262,EU,Malta,470
"Fort Myers, FL, United States",68.06,31.9,50.62,71.88,62.43,86.87,26.640628000000003,-81.87230840000001,NA,United States,840
"Lexington, KY, United States",67.9,25.51,47.45,69.03,62.48,130.77,38.0464066,-84.4970393,NA,United States,840
"Fort Worth, TX, United States",67.81,35.29,52.12,66.57,65.5,142.22,32.753177,-97.3327459,NA,United States,840
"Omaha, NE, United States",67.8,30.43,49.78,69.41,62.64,134.51,41.258745899999994,-95.93837579999999,NA,United States,840
"Vancouver, WA, United States",67.79,34.12,51.55,61.12,67.28,127.95,45.63069539999999,-122.67445570000001,NA,United States,840
"Madrid, Spain",67.63,33.41,51.13,56.59,70.41,96.36,40.416704700000004,-3.7035824999999996,EU,Spain,724
"Surrey, Canada",67.37,33.36,50.97,65.23,61.6,93.78,49.1913033,-122.8491439,NA,Canada,124
"Montevideo, Uruguay",67.18,21.14,44.97,54.33,70.89,35.71,-34.905891600000004,-56.191309499999996,SA,Uruguay,858
"Wichita, KS, United States",67.02,24.63,46.58,67.02,68.1,118.39,37.6922361,-97.3375448,NA,United States,840
"Lubbock, TX, United States",66.9,24.63,46.52,61.64,68.94,133.25,33.563520600000004,-101.879336,NA,United States,840
"Chattanooga, TN, United States",66.89,27.77,48.02,67.8,62.68,145.27,35.0457219,-85.3094883,NA,United States,840
"Phoenix, AZ, United States",66.87,33.32,50.69,62.4,71.42,139.29,33.448436699999995,-112.07414170000001,NA,United States,840
"Sioux Falls, SD, United States",66.85,25.7,47.0,69.13,56.18,168.93,43.549973,-96.70033240000001,NA,United States,840
"Salt Lake City, UT, United States",66.76,34.91,51.4,64.48,68.75,148.6,40.759619799999996,-111.88679750000001,NA,United States,840
"Tulsa, OK, United States",66.71,28.61,48.34,67.6,62.03,123.2,36.1556805,-95.9929113,NA,United States,840
"Durham, NC, United States",66.44,35.54,51.54,64.75,67.79,146.95,35.996653,-78.90180529999999,NA,United States,840
"Springfield, MO, United States",66.4,18.79,43.44,73.6,63.28,77.68,37.2166779,-93.2920373,NA,United States,840
"Winston-salem, NC, United States",66.27,24.96,46.34,71.92,69.63,117.44,36.0998131,-80.2440518,NA,United States,840
"Nicosia, Cyprus",66.23,17.22,42.59,53.67,78.46,90.59,35.1739302,33.364726,AS,Cyprus,196
"Doha, Qatar",66.12,66.84,66.46,57.95,65.81,120.86,25.2856329,51.5264162,AS,Qatar,634
"Taichung, Taiwan",65.98,13.0,40.43,84.29,29.75,66.76,24.163162,120.6478282,AS,Taiwan,158
"Dallas, TX, United States",65.94,42.64,54.7,61.95,67.11,162.37,32.7762719,-96.7968559,NA,United States,840
"Albuquerque, NM, United States",65.73,25.5,46.33,68.04,64.58,123.57,35.0841034,-106.6509851,NA,United States,840
"Arlington, TX, United States",65.63,30.04,48.47,62.02,63.87,152.9,32.701939,-97.105623790337,NA,United States,840
"Madison, WI, United States",65.6,36.95,51.78,62.5,66.34,144.83,43.074760999999995,-89.3837613,NA,United States,840
"Ljubljana, Slovenia",65.47,20.62,43.84,54.76,57.7,74.7,46.049980299999994,14.506860199999998,EU,Slovenia,705
"Zaragoza (Saragossa), Spain",65.4,15.21,41.2,54.76,60.66,77.87,41.6521342,-0.8809428,EU,Spain,724
"Mobile, AL, United States",65.31,24.63,45.69,67.4,64.09,122.2,30.6943566,-88.04305409999999,NA,United States,840
"Hamilton, Canada",65.26,27.6,47.1,60.77,65.83,122.71,43.2560802,-79.8728583,NA,Canada,124
"Louisville, KY, United States",65.14,28.33,47.39,65.76,65.91,127.21,38.254237599999996,-85.759407,NA,United States,840
"Beirut, Lebanon",65.03,34.98,50.54,47.46,66.58,52.68,33.8959203,35.478429999999996,AS,Lebanon,422
"Abu Dhabi, United Arab Emirates",64.97,64.25,64.62,54.3,65.93,131.24,24.453835199999997,54.3774014,AS,United Arab Emirates,784
"Thessaloniki, Greece",64.94,11.57,39.2,52.32,61.77,48.72,40.6403167,22.9352716,EU,Greece,300
"Pensacola, FL, United States",64.88,28.72,47.44,62.12,64.75,128.73,30.421309,-87.2169149,NA,United States,840
"Athens, Greece",64.67,13.97,40.22,51.34,64.82,52.86,37.983941200000004,23.7283052,EU,Greece,300
"Oklahoma City, OK, United States",64.29,26.54,46.09,66.52,58.15,142.4,35.4729886,-97.5170536,NA,United States,840
"Kitchener, Canada",63.9,27.36,46.28,58.85,59.89,124.25,43.451291,-80.49278149999999,NA,Canada,124
"Limassol, Cyprus",63.52,24.22,44.57,52.24,66.53,93.12,34.6852901,33.0332657,AS,Cyprus,196
"Huntsville, AL, United States",63.34,27.45,46.03,64.13,63.83,152.26,34.729847,-86.5859011,NA,United States,840
"Tucson, AZ, United States",63.0,23.8,44.1,61.12,63.64,138.07,32.2228765,-110.9748477,NA,United States,840
"Reno, NV, United States",62.88,35.99,49.92,58.04,64.1,136.4,39.5261206,-119.81265810000001,NA,United States,840
"Havana, Cuba",62.74,12.01,38.27,41.43,28.23,1.88,23.135305,-82.3589631,NA,Cuba,192
"Boise, ID, United States",62.65,28.91,46.37,58.7,65.39,130.86,43.6166163,-116.20088600000001,NA,United States,840
"Knoxville, TN, United States",62.18,29.77,46.55,60.36,64.67,128.69,35.960394799999996,-83.92102609999999,NA,United States,840
"Accra, Ghana",61.93,32.3,47.64,60.07,40.1,14.07,5.560014099999999,-0.2057437,AF,Ghana,288
"College Station, TX, United States",61.85,32.7,47.79,68.95,57.12,118.7,30.595528899999998,-96.3071042,NA,United States,840
"Martin, Slovakia",61.04,20.8,41.63,56.66,51.89,44.36,49.072492100000005,18.929192999999998,EU,Slovakia,703
"San Antonio, TX, United States",60.92,34.5,48.18,58.17,60.96,154.92,29.424600199999997,-98.4951405,NA,United States,840
"Athens, GA, United States",60.55,26.67,44.21,57.85,59.58,110.52,33.9597677,-83.376398,NA,United States,840
"Tallinn, Estonia",60.51,17.66,39.84,45.31,61.04,74.02,59.4372155,24.745368799999998,EU,Estonia,233
"San Jose, Costa Rica",60.46,19.28,40.6,60.98,49.47,48.89,9.932542699999999,-84.0795782,NA,Costa Rica,188
"Valencia, Spain",60.33,20.61,41.17,50.92,56.84,90.71,39.4697065,-0.3763353,EU,Spain,724
"Kaohsiung, Taiwan",60.22,10.41,36.2,71.17,26.25,127.49,22.6203348,120.3120375,AS,Taiwan,158
"Sevilla, Spain",60.16,21.15,41.35,52.11,58.14,81.43,37.388630299999996,-5.9953403,EU,Spain,724
"Larnaca, Cyprus",59.97,11.36,36.53,49.72,66.8,83.19,34.9236095,33.6236184,AS,Cyprus,196
"Sharjah, United Arab Emirates",59.38,29.86,45.15,50.37,43.99,123.32,25.346149800000003,55.42106329999999,AS,United Arab Emirates,784
"Split, Croatia",59.05,13.74,37.2,50.46,55.16,53.22,43.511638299999994,16.4399659,EU,Croatia,191
"Manama, Bahrain",59.0,30.65,45.33,57.63,54.83,67.56,26.223504100000003,50.5822436,AS,Bahrain,48
"Rijeka, Croatia",58.54,12.29,36.24,49.63,46.7,51.41,45.327175200000006,14.4412309,EU,Croatia,191
"Amman, Jordan",58.47,14.58,37.3,49.55,55.56,41.83,31.951569399999997,35.9239625,AS,Jordan,400
"Zagreb, Croatia",58.0,15.39,37.45,49.52,46.65,64.19,45.8131847,15.9771774,EU,Croatia,191
"Lisbon, Portugal",57.69,29.33,44.01,47.02,50.14,58.48,38.707750700000005,-9.1365919,EU,Portugal,620
"Patras, Greece",57.35,9.41,34.23,46.44,53.51,64.63,38.246241999999995,21.735084699999998,EU,Greece,300
"Panama City, Panama",57.23,32.46,45.29,56.48,52.95,38.24,8.9714493,-79.53418020000001,NA,Panama,591
"Malaga, Spain",57.23,21.19,39.85,48.93,55.28,94.71,36.7213028,-4.421636599999999,EU,Spain,724
"Campinas, Brazil",57.21,14.1,36.42,43.15,48.2,59.53,-22.90556,-47.060829999999996,SA,Brazil,76
"Rio De Janeiro, Brazil",57.14,21.61,40.0,42.19,48.58,39.15,-22.911013699999998,-43.2093727,SA,Brazil,76
"Funchal, Portugal",57.0,17.91,38.15,47.03,44.3,52.72,32.6496497,-16.9086783,EU,Portugal,620
"Santiago, Chile",56.85,17.85,38.04,48.15,55.32,50.65,-33.4377756,-70.6504502,SA,Chile,152
"Sao Paulo, Brazil",56.83,21.02,39.56,43.58,48.59,40.03,-23.5506507,-46.633382399999995,SA,Brazil,76
"Shanghai, China",56.16,41.95,49.3,61.7,40.74,66.16,31.232275800000004,121.4692071,AS,China,156
"Buenos Aires, Argentina",56.05,15.58,36.53,48.19,56.51,60.03,-34.6075682,-58.4370894,SA,Argentina,32
"Bangkok, Thailand",55.79,26.21,41.52,62.4,27.99,44.94,13.754423800000001,100.49303990000001,AS,Thailand,764
"Makati, Philippines",55.54,26.91,41.73,59.97,28.91,46.37,14.5567949,121.0211226,AS,Philippines,608
"Tartu, Estonia",55.49,14.44,35.69,42.41,55.7,75.23,58.380120700000006,26.72245,EU,Estonia,233
"Porto, Portugal",54.92,20.87,38.5,45.79,44.12,63.31,41.1494512,-8.6107884,EU,Portugal,620
"Riga, Latvia",54.87,15.23,35.75,42.56,51.15,53.77,56.949397700000006,24.1051846,EU,Latvia,428
"Coimbra, Portugal",54.5,14.58,35.25,46.39,42.38,75.56,40.2109801,-8.429205699999999,EU,Portugal,620
"Granada, Spain",54.47,14.9,35.39,44.63,51.02,94.61,37.183054,-3.6021928,EU,Spain,724
"Vilnius, Lithuania",54.26,17.9,36.72,42.58,49.97,56.97,54.6870458,25.2829111,EU,Lithuania,440
"Porto Alegre, Brazil",53.88,14.79,35.03,42.32,42.19,46.35,-30.0324999,-51.23037670000001,SA,Brazil,76
"Brasilia, Brazil",53.84,16.73,35.94,44.65,47.74,49.33,-10.333333300000001,-53.2,SA,Brazil,76
"Prague, Czech Republic",53.84,25.06,39.96,47.04,40.31,77.13,50.0874654,14.4212535,EU,Czech Republic,203
"Bratislava, Slovakia",53.64,22.87,38.8,46.54,44.37,72.75,48.1516988,17.1093063,EU,Slovakia,703
"Santa Cruz De Tenerife, Spain",53.34,18.05,36.32,44.56,53.88,93.75,28.469648,-16.2540884,EU,Spain,724
"Pretoria, South Africa",53.19,15.59,35.06,43.22,47.05,108.14,-25.7459374,28.187944399999996,AF,South Africa,710
"Phuket, Thailand",53.17,14.65,34.59,57.38,27.69,55.31,7.9366015,98.3529292,AS,Thailand,764
"Las Palmas, Spain",52.71,20.09,36.98,44.95,51.06,84.11,28.128874,-15.4349448,EU,Spain,724
"Kaunas, Lithuania",52.56,12.38,33.19,41.09,45.84,57.97,54.898213899999995,23.904481699999998,EU,Lithuania,440
"Recife, Brazil",52.22,12.23,32.93,41.22,41.58,39.68,-8.0584933,-34.8848193,SA,Brazil,76
"Klaipeda, Lithuania",52.09,11.61,32.57,43.52,46.6,58.53,55.7127529,21.1350469,EU,Lithuania,440
"Fortaleza, Brazil",52.0,9.81,31.65,43.69,38.32,30.52,-3.7304512,-38.5217989,SA,Brazil,76
"Windhoek, Namibia",51.84,23.11,37.98,47.76,43.74,55.51,-22.5743922,17.079068799999998,AF,Namibia,516
"Moscow, Russia",51.82,34.1,43.27,40.9,56.03,59.58,55.7504461,37.6174943,EU,Russia,643
"Braga, Portugal",51.43,12.28,32.55,42.67,36.9,71.62,41.5510583,-8.4280045,EU,Portugal,620
"Kosice, Slovakia",51.36,16.16,34.38,44.97,33.36,61.62,48.7172272,21.249677399999996,EU,Slovakia,703
"Muscat, Oman",51.2,25.41,38.76,46.81,51.63,103.55,23.588201899999998,58.3829448,AS,Oman,512
"Budapest, Hungary",51.0,18.08,35.12,40.71,40.43,55.54,47.4983815,19.0404707,EU,Hungary,348
"Jeddah (Jiddah), Saudi Arabia",51.0,14.41,33.35,43.21,34.15,113.18,21.581008800000003,39.1653612,AS,Saudi Arabia,682
"Johor Bahru, Malaysia",50.98,11.96,32.16,63.42,25.08,42.93,1.4953041,103.7550839,AS,Malaysia,458
"Harare, Zimbabwe",50.74,14.24,33.14,45.45,36.15,26.86,-17.831773000000002,31.045686,AF,Zimbabwe,716
"Belo Horizonte, Brazil",50.41,12.56,32.15,37.82,41.12,35.32,-19.9227318,-43.9450948,SA,Brazil,76
"Florianopolis, Brazil",50.4,15.08,33.37,39.36,42.08,39.69,-27.5973002,-48.5496098,SA,Brazil,76
"Addis Ababa, Ethiopia",50.3,24.39,37.8,43.58,22.5,13.57,9.0107934,38.761252500000005,AF,Ethiopia,231
"Brno, Czech Republic",50.29,19.26,35.32,44.77,34.98,73.86,49.1922443,16.6113382,EU,Czech Republic,203
"San Salvador, El Salvador",50.29,12.78,32.2,51.28,37.29,28.62,13.698993900000001,-89.1914249,NA,El Salvador,222
"Al Khobar, Saudi Arabia",50.18,15.67,33.53,44.86,33.74,124.32,26.3039999,50.196023700000005,AS,Saudi Arabia,682
"Johannesburg, South Africa",50.02,22.45,36.72,41.72,49.92,125.99,-26.205,28.049721999999996,AF,South Africa,710
"Petaling Jaya, Malaysia",49.8,12.34,31.73,58.94,23.68,68.75,3.0991752,101.64502320000001,AS,Malaysia,458
"Dar Es Salaam, Tanzania",49.66,24.56,37.55,34.82,33.56,18.87,-6.8160837,39.280358299999996,AF,Tanzania,834
"Shenzhen, China",49.65,25.37,37.94,53.67,31.34,83.96,22.555454,114.0543297,AS,China,156
"Penang, Malaysia",49.5,10.67,30.78,56.99,26.28,68.42,5.4065012999999995,100.25590770000001,AS,Malaysia,458
"Guayaquil, Ecuador",49.49,13.57,32.17,44.21,36.59,36.14,-2.1704142999999996,-79.90502408427744,SA,Ecuador,218
"Curitiba, Brazil",49.43,12.63,31.68,37.0,41.47,46.26,-25.4295963,-49.2712724,SA,Brazil,76
"Phnom Penh, Cambodia",49.24,17.42,33.89,53.68,24.62,26.41,11.568271000000001,104.9224426,AS,Cambodia,116
"Santo Domingo, Dominican Republic",49.1,12.49,31.44,42.25,46.38,28.77,18.4801972,-69.942111,NA,Dominican Republic,214
"Irbil, Iraq",49.08,13.91,32.12,41.62,43.07,49.2,36.1911624,44.0094652,AS,Iraq,368
"Osijek, Croatia",49.04,8.14,29.32,40.85,36.36,58.44,45.554871899999995,18.695371899999998,EU,Croatia,191
"Gdansk, Poland",49.01,17.8,33.96,36.86,40.96,72.77,54.36143405,18.628218475572737,EU,Poland,616
"Ad Dammam, Saudi Arabia",48.87,12.68,31.41,42.33,32.19,141.35,26.436782399999995,50.1039991,AS,Saudi Arabia,682
"Quito, Ecuador",48.84,14.05,32.06,47.67,36.41,34.37,-0.2201641,-78.5123274,SA,Ecuador,218
"Warsaw, Poland",48.31,22.5,35.86,38.53,42.2,77.31,52.2319581,21.0067249,EU,Poland,616
"Riyadh, Saudi Arabia",48.21,16.46,32.9,41.46,35.41,129.2,24.638916000000002,46.7160104,AS,Saudi Arabia,682
"Chiang Mai, Thailand",47.92,12.1,30.65,60.54,22.68,31.68,18.788277800000003,98.9868056,AS,Thailand,764
"Gdynia, Poland",47.86,14.6,31.82,38.15,43.91,72.98,54.50383255,18.462806155884614,EU,Poland,616
"Kota Kinabalu, Malaysia",47.75,10.48,29.78,56.27,23.67,37.17,5.9780066,116.07289879999999,AS,Malaysia,458
"Cape Town, South Africa",47.55,28.98,38.59,40.96,45.21,94.27,-33.928992,18.417396,AF,South Africa,710
"Pattaya, Thailand",47.24,18.59,33.42,50.38,29.61,29.96,12.931941,100.9009534,AS,Thailand,764
"Port Elizabeth, South Africa",47.09,13.95,31.11,40.21,41.53,64.08,-33.9617051,25.6207519,AF,South Africa,710
"Guatemala City, Guatemala",46.97,15.52,31.8,43.64,37.17,41.41,14.6222328,-90.5185188,NA,Guatemala,320
"Kuching, Malaysia",46.79,6.86,27.53,52.35,20.02,41.76,1.5574127,110.3439862,AS,Malaysia,458
"Jakarta, Indonesia",46.47,19.34,33.39,49.49,26.34,34.8,-6.1753942,106.827183,AS,Indonesia,360
"Saint Petersburg, Russia",46.41,20.17,33.75,38.12,47.73,56.75,59.938731999999995,30.316228999999996,EU,Russia,643
"Durban, South Africa",46.3,15.74,31.56,39.21,43.53,96.43,-29.861825,31.009909000000004,AF,South Africa,710
"Kuala Lumpur, Malaysia",46.28,17.96,32.62,47.17,27.39,80.73,3.1516964,101.6942371,AS,Malaysia,458
"Wroclaw, Poland",46.27,19.64,33.43,38.06,39.12,74.19,51.126310600000004,16.97819633051261,EU,Poland,616
"Beijing, China",46.09,33.51,40.02,44.92,35.14,76.61,39.906217,116.3912757,AS,China,156
"Baghdad, Iraq",46.05,14.76,30.96,40.35,42.03,52.05,33.3024309,44.3787992,AS,Iraq,368
"Selangor, Malaysia",46.04,11.34,29.31,50.35,23.26,88.61,3.2083304,101.304146,AS,Malaysia,458
"Olomouc, Czech Republic",45.99,13.01,30.08,43.34,31.6,79.5,49.5940567,17.251143,EU,Czech Republic,203
"Krakow (Cracow), Poland",45.79,18.18,32.48,36.66,38.32,73.59,50.047136,19.889638899999998,EU,Poland,616
"Maputo, Mozambique",45.29,18.58,32.41,36.64,41.88,33.15,-25.966213,32.56745,AF,Mozambique,508
"Poznan, Poland",45.27,15.45,30.89,37.57,37.54,74.63,52.400663200000004,16.919732591780882,EU,Poland,616
"Debrecen, Hungary",44.92,10.34,28.24,37.81,33.04,48.52,47.531399,21.625978200000002,EU,Hungary,348
"Bydgoszcz, Poland",44.91,15.1,30.53,35.24,37.73,66.01,53.12974625,18.02936965853485,EU,Poland,616
"Ostrava, Czech Republic",44.78,10.73,28.36,38.89,32.47,78.36,49.8349139,18.2820084,EU,Czech Republic,203
"Istanbul, Turkey",44.73,14.35,30.08,39.35,33.0,54.57,41.0096334,28.9651646,AS,Turkey,792
"Podgorica, Montenegro",44.68,11.1,28.48,35.64,37.75,51.8,42.4415238,19.2621081,EU,Montenegro,499
"Szczecin, Poland",44.61,12.73,29.23,35.91,34.7,60.33,53.4301818,14.550962300000002,EU,Poland,616
"Bucharest, Romania",44.38,14.0,29.73,36.6,40.58,58.75,44.4361414,26.1027202,EU,Romania,642
"Belgrade, Serbia",43.99,12.28,28.7,32.31,38.34,40.25,44.8178131,20.4568974,EU,Serbia,688
"Lima, Peru",43.92,17.91,31.38,39.88,31.53,39.55,-12.0621065,-77.03652559999999,SA,Peru,604
"Bali, Indonesia",43.73,8.12,26.56,49.07,25.29,29.2,-8.23565805,115.1223865976744,AS,Indonesia,360
"Lodz, Poland",43.68,12.79,28.78,34.02,36.68,70.09,51.768732299999996,19.456991100000003,EU,Poland,616
"Guangzhou, China",43.5,20.93,32.61,44.04,27.37,79.47,23.1301964,113.25929450000001,AS,China,156
"Sofia, Bulgaria",43.11,12.96,28.57,37.06,34.44,60.66,42.697863399999996,23.322178899999997,EU,Bulgaria,100
"Sarajevo, Bosnia And Herzegovina",42.5,10.13,26.89,35.37,31.5,48.89,43.851977399999996,18.386686800000003,EU,Bosnia And Herzegovina,70
"Manila, Philippines",42.4,19.94,31.57,38.19,29.13,43.04,14.590733199999999,120.98096740000001,AS,Philippines,608
"Lublin, Poland",42.33,18.04,30.62,34.52,34.11,57.02,51.2181945,22.55467756519268,EU,Poland,616
"Katowice, Poland",42.28,12.37,27.86,34.17,32.56,81.77,50.2598987,19.021585199999997,EU,Poland,616
"Varna, Bulgaria",42.26,8.71,26.08,37.66,34.85,48.43,43.206902500000005,27.915085499999996,EU,Bulgaria,100
"Nairobi, Kenya",42.06,12.27,27.7,40.4,34.31,27.87,-1.30316895,36.826061224105075,AF,Kenya,404
"Yekaterinburg, Russia",42.05,12.4,27.75,37.86,36.08,52.61,56.839104000000006,60.60825,EU,Russia,643
"Cebu, Philippines",41.81,11.84,27.36,43.31,24.71,26.16,10.45,123.84,AS,Philippines,608
"Timisoara, Romania",41.62,10.78,26.75,34.26,36.97,59.09,45.7538355,21.2257474,EU,Romania,642
"Rabat, Morocco",41.62,13.47,28.04,37.31,27.57,45.29,33.9667424,-6.842641008106103,AF,Morocco,504
"Ho Chi Minh City, Vietnam",41.28,18.81,30.45,42.17,21.09,36.92,10.7758439,106.70175549999999,AS,Vietnam,704
"Ankara, Turkey",41.21,7.95,25.17,36.71,31.39,56.89,39.920789299999996,32.854041200000005,AS,Turkey,792
"Izmir, Turkey",40.97,8.86,25.48,37.48,29.22,54.57,38.4147331,27.1434119,AS,Turkey,792
"Burgas, Bulgaria",40.81,7.29,24.65,35.83,33.58,50.53,42.4466,27.206206892651192,EU,Bulgaria,100
"Cluj-Napoca, Romania",40.51,13.6,27.54,34.7,33.06,59.81,46.769379,23.589954199999998,EU,Romania,642
"Plovdiv, Bulgaria",40.29,7.65,24.55,35.49,33.1,54.98,42.1418541,24.7499297,EU,Bulgaria,100
"Bursa, Turkey",40.26,6.73,24.09,34.46,27.63,55.63,40.1827657,29.0677305,AS,Turkey,792
"Yogyakarta, Indonesia",40.01,6.09,23.65,45.78,14.56,30.25,-7.977838399999999,110.36722565020223,AS,Indonesia,360
"Hanoi, Vietnam",39.89,14.56,27.67,40.28,22.71,27.09,21.029449800000002,105.85444409999998,AS,Vietnam,704
"Novosibirsk, Russia",39.86,12.16,26.5,35.77,34.9,47.89,55.0282171,82.9234509,EU,Russia,643
"Banja Luka, Bosnia And Herzegovina",39.85,7.77,24.38,32.73,28.97,51.24,44.7720845,17.1917651,EU,Bosnia And Herzegovina,70
"Nizhny Novgorod, Russia",39.83,11.38,26.11,35.11,37.77,40.34,56.328571,44.003506,EU,Russia,643
"Iasi, Romania",39.81,10.55,25.7,33.52,34.64,51.29,47.161534100000004,27.5836142,EU,Romania,642
"Suzhou, China",39.57,17.11,28.74,39.63,31.65,91.87,31.3016935,120.5810725,AS,China,156
"Kazan, Russia",39.53,12.81,26.64,33.82,43.81,51.14,55.7823547,49.1242266,EU,Russia,643
"Sibiu, Romania",39.5,8.46,24.53,32.76,33.38,54.27,45.7973912,24.1519202,EU,Romania,642
"Tirana, Albania",39.33,9.96,25.17,31.79,32.05,38.05,41.3279485,19.818551199999998,EU,Albania,8
"Chengdu, China",39.26,12.73,26.47,38.41,28.42,77.03,30.659862800000003,104.0633717,AS,China,156
"Surabaya, Indonesia",39.24,8.6,24.46,43.32,18.67,37.58,-7.2459717,112.73782659999998,AS,Indonesia,360
"Rostov-na-donu, Russia",39.1,12.21,26.13,31.64,41.73,35.31,47.22138579999999,39.7114196,EU,Russia,643
"Bogota, Colombia",38.99,13.86,26.87,31.74,29.55,42.03,4.6533326,-74.083652,SA,Colombia,170
"Oradea, Romania",38.94,7.42,23.74,32.85,25.94,46.65,47.054916299999995,21.928523100000003,EU,Romania,642
"Novi Sad, Serbia",38.9,7.47,23.74,31.2,28.89,48.41,45.255133799999996,19.8451756,EU,Serbia,688
"Casablanca, Morocco",38.81,16.45,28.02,33.78,28.81,47.32,33.59506270000001,-7.6187768,AF,Morocco,504
"Antalya, Turkey",38.77,7.18,23.53,33.47,29.4,54.45,36.9009641,30.6954846,AS,Turkey,792
"Skopje, Macedonia",38.51,9.26,24.4,30.7,29.14,41.99,41.9960924,21.4316495,EU,Macedonia,807
"Monterrey, Mexico",38.45,11.52,25.46,35.16,38.06,84.22,25.680201899999997,-100.31525859999999,NA,Mexico,484
"Cuenca, Ecuador",38.41,10.38,24.89,37.19,26.71,43.44,-2.8971725,-79.00437420000002,SA,Ecuador,218
"Brasov, Romania",38.37,9.96,24.67,31.4,33.82,67.91,45.6523093,25.6102746,EU,Romania,642
"Ulaanbaatar, Mongolia",38.13,11.34,25.21,37.23,25.59,33.71,47.91846760000001,106.91770159999999,AS,Mongolia,496
"Medan, Indonesia",37.99,4.71,21.94,41.6,18.35,44.28,3.5896654000000003,98.6738261,AS,Indonesia,360
"Tehran, Iran",37.8,19.93,29.18,34.45,30.9,43.28,35.6892523,51.3896004,AS,Iran,364
"Colombo, Sri Lanka",37.72,9.88,24.29,41.98,22.74,27.62,6.9349969,79.8538463,AS,Sri Lanka,144
"Bandung, Indonesia",37.68,6.05,22.42,43.19,17.12,33.9,-6.9344694,107.60495390000001,AS,Indonesia,360
"Mexico City, Mexico",37.54,17.84,28.04,34.66,32.65,64.03,19.4326296,-99.1331785,NA,Mexico,484
"Astana, Kazakhstan",37.51,14.88,26.6,32.67,38.79,40.49,51.128220500000005,71.4306682,AS,Kazakhstan,398
"Nis, Serbia",37.32,5.73,22.09,29.67,30.85,38.68,43.321130100000005,21.8959232,EU,Serbia,688
"Kigali, Rwanda",37.18,11.85,24.96,31.27,27.33,28.22,-1.950851,30.061507000000002,AF,Rwanda,646
"Algiers, Algeria",37.13,8.61,23.38,38.43,22.86,33.38,28.000027199999998,2.9999825,AF,Algeria,12
"Arad, Romania",36.47,9.22,23.33,30.52,28.55,60.77,46.175379299999996,21.3196342,EU,Romania,642
"Asuncion, Paraguay",36.16,10.71,23.88,30.88,27.65,34.68,-25.280045899999998,-57.6343814,SA,Paraguay,600
"Santa Cruz, Bolivia",36.14,14.26,25.59,29.42,29.15,57.64,-17.333333,-61.5,SA,Bolivia,68
"Kathmandu, Nepal",36.06,5.83,21.48,33.22,21.92,23.73,27.708316999999997,85.3205817,AS,Nepal,524
"Almaty, Kazakhstan",36.05,11.72,24.31,28.66,35.51,46.81,43.2363924,76.9457275,AS,Kazakhstan,398
"Medellin, Colombia",35.87,12.33,24.52,31.73,27.61,29.33,6.2443382000000005,-75.573553,SA,Colombia,170
"Cancun, Mexico",35.58,9.8,23.15,29.93,35.3,61.69,21.1617854,-86.8510468,NA,Mexico,484
"Minsk, Belarus",35.3,11.25,23.71,28.55,38.12,43.77,53.902333999999996,27.561879100000002,EU,Belarus,112
"Gurgaon, India",34.9,10.96,23.36,32.59,30.88,110.97,28.42826235,77.00270014657752,AS,India,356
"Craiova, Romania",34.34,6.84,21.07,28.61,25.41,58.56,44.3190159,23.796561399999998,EU,Romania,642
"Guadalajara, Mexico",34.19,10.12,22.58,33.15,30.82,71.87,20.6720375,-103.3383962,NA,Mexico,484
"Tijuana, Mexico",34.13,10.81,22.88,32.67,32.65,45.26,32.501018800000004,-116.9646629,NA,Mexico,484
"Yerevan, Armenia",34.12,9.37,22.18,27.73,31.77,32.52,40.177612100000005,44.5125849,AS,Armenia,51
"Kampala, Uganda",34.09,7.59,21.31,28.02,26.64,23.36,0.31771370000000004,32.581353899999996,AF,Uganda,800
"Chisinau, Moldova",34.06,9.35,22.14,27.64,25.5,31.39,47.024511700000005,28.832292300000002,EU,Moldova,498
"Quezon City, Philippines",33.93,7.79,21.33,29.54,19.44,29.57,14.6509905,121.0486155,AS,Philippines,608
"Hermosillo, Mexico",33.86,7.29,21.05,30.3,29.75,77.33,29.0948207,-110.96922020000001,NA,Mexico,484
"Davao, Philippines",33.67,6.84,20.73,32.75,16.83,28.86,7.064412299999999,125.6090916,AS,Philippines,608
"Dhaka, Bangladesh",33.64,6.83,20.71,31.89,23.54,37.72,23.810651,90.41264659999999,AS,Bangladesh,50
"Caracas, Venezuela",33.64,9.63,22.06,35.03,30.79,3.72,10.506098,-66.9146017,SA,Venezuela,862
"Queretaro, Mexico",33.51,9.52,21.94,33.17,27.96,63.18,20.854257500000003,-99.84756,NA,Mexico,484
"Merida, Mexico",33.18,7.58,20.83,32.01,26.75,37.23,20.967075899999998,-89.6237402,NA,Mexico,484
"Cali, Colombia",33.04,7.44,20.69,28.79,23.76,39.71,3.4517922999999997,-76.5324943,SA,Colombia,170
"Puerto Vallarta, Mexico",32.7,11.52,22.48,32.27,31.03,62.36,20.640717600000002,-105.22030600000001,NA,Mexico,484
"Puebla, Mexico",32.65,7.22,20.38,28.36,27.84,45.28,18.833333,-98.0,NA,Mexico,484
"Mumbai, India",32.59,22.72,27.83,32.94,26.68,73.49,19.075989899999996,72.8773928,AS,India,356
"Noida, India",32.37,6.56,19.92,33.12,24.04,95.95,28.5707841,77.3271074,AS,India,356
"Delhi, India",32.14,9.74,21.34,30.67,27.54,78.33,28.6517178,77.22193879999999,AS,India,356
"Baku, Azerbaijan",31.31,9.65,20.86,27.9,32.31,29.19,40.3754434,49.8326748,AS,Azerbaijan,31
"Valenzuela, Philippines",31.23,3.82,18.01,32.44,12.95,31.9,14.691690300000001,120.96945339999999,AS,Philippines,608
"Islamabad, Pakistan",30.83,8.79,20.2,28.5,23.5,43.2,33.6938118,73.0651511,AS,Pakistan,586
"Bangalore, India",30.34,9.76,20.41,31.47,20.23,100.26,12.979119800000001,77.5912997,AS,India,356
"Tunis, Tunisia",30.06,7.39,19.13,29.49,18.19,34.32,33.994952999999995,9.367097748325554,AF,Tunisia,788
"Thane, India",29.82,9.3,19.92,31.07,21.18,70.55,19.1943294,72.97017790000001,AS,India,356
"Odesa, Ukraine",29.79,10.23,20.36,22.29,24.04,27.73,46.4873195,30.7392776,EU,Ukraine,804
"Tbilisi, Georgia",29.73,10.6,20.5,24.65,29.18,35.61,41.6934591,44.8014495,AS,Georgia,268
"Pune, India",29.66,7.95,19.19,30.75,21.4,99.44,18.521428,73.8544541,AS,India,356
"Lahore, Pakistan",29.53,6.67,18.5,26.83,26.39,51.44,31.565682199999998,74.3141829,AS,Pakistan,586
"Chandigarh, India",29.04,6.47,18.15,29.4,20.18,68.83,30.733442100000005,76.7797143,AS,India,356
"Ahmedabad, India",28.67,6.24,17.85,31.42,20.13,73.59,23.0216238,72.5797068,AS,India,356
"Surat, India",28.66,4.69,17.1,31.97,19.84,57.84,21.186460699999998,72.80812809999999,AS,India,356
"Chennai, India",28.42,7.12,18.14,31.17,18.26,72.34,13.0836939,80.270186,AS,India,356
"Goa, India",28.3,8.27,18.64,29.8,22.96,54.55,15.3004543,74.08551340000001,AS,India,356
"Indore, India",28.06,4.66,16.78,27.74,17.77,50.42,22.7203616,75.8681996,AS,India,356
"Kolkata, India",27.99,7.77,18.24,28.53,23.18,56.3,22.5414185,88.35769124388872,AS,India,356
"Lucknow (Lakhnau), India",27.55,4.9,16.62,27.25,18.76,76.1,26.8381,80.9346001,AS,India,356
"Kiev, Ukraine",27.52,12.43,20.24,21.96,22.01,37.48,50.4500336,30.524136100000003,EU,Ukraine,804
"Jaipur, India",27.11,5.19,16.54,27.65,18.48,76.5,26.9154576,75.81898170000001,AS,India,356
"Karachi, Pakistan",27.1,7.46,17.63,25.6,21.62,39.06,24.8667795,67.0311286,AS,Pakistan,586
"Hyderabad, India",26.92,6.89,17.26,27.6,18.93,80.9,17.360589,78.4740613,AS,India,356
"Cairo, Egypt",26.49,5.43,16.33,23.23,22.55,25.27,30.044387899999997,31.2357257,AF,Egypt,818
"Dnipropetrovsk, Ukraine",26.39,6.63,16.86,20.46,22.74,31.06,48.4680221,35.0417711,EU,Ukraine,804
"Nagpur, India",26.23,4.96,15.97,26.55,18.73,95.19,21.1498134,79.0820556,AS,India,356
"Bhopal, India",26.07,4.13,15.49,22.49,16.21,66.21,23.258485699999998,77.401989,AS,India,356
"Vadodara, India",25.59,4.01,15.18,27.85,16.02,80.63,22.2973142,73.1942567,AS,India,356
"Mangalore, India",25.46,5.7,15.93,26.85,16.04,94.53,12.869810099999999,74.8430082,AS,India,356
"Lviv, Ukraine",25.31,8.1,17.01,20.5,17.88,26.88,49.841952,24.0315921,EU,Ukraine,804
"Mysore, India",25.2,4.01,14.98,29.39,13.31,42.49,12.3051828,76.6553609,AS,India,356
"Bhubaneswar, India",24.89,4.68,15.14,28.22,14.91,57.56,20.2667774,85.8435592,AS,India,356
"Kharkiv, Ukraine",24.85,8.29,16.87,19.26,18.44,27.19,49.9902794,36.2303893,EU,Ukraine,804
"Visakhapatnam, India",24.66,4.85,15.11,25.83,18.07,63.97,17.7231276,83.30128420000001,AS,India,356
"Kochi, India",24.65,6.31,15.8,26.93,13.94,77.7,9.9313695,76.2673759,AS,India,356
"Coimbatore, India",24.61,5.35,15.32,25.23,15.21,53.23,11.0018115,76.96284250000001,AS,India,356
"Alexandria, Egypt",23.78,4.34,14.4,23.19,17.66,23.75,31.199004,29.894378000000003,AF,Egypt,818
"Navi Mumbai, India",23.44,6.25,15.15,24.02,14.14,111.99,19.0308262,73.0198537,AS,India,356
"Thiruvananthapuram, India",20.86,5.1,13.26,21.98,12.06,66.25,8.5241122,76.9360573,AS,India,356
